player_name,team_abbreviation,age,player_height,player_weight,college,country,draft_year,draft_round,draft_number,gp,pts,reb,ast,net_rating,oreb_pct,dreb_pct,usg_pct,ts_pct,ast_pct,season,image
Joel Embiid,PHI,29,213.36,127.00576,Kansas,Cameroon,2014,1,3,66,33.1,10.2,4.2,8.8,0.057,0.243,0.37,0.655,0.233,2022-23,joel_emiid.png
Luka Doncic,DAL,24,200.66,104.32616,None,Slovenia,2018,1,3,66,32.4,8.6,8,2.1,0.024,0.224,0.368,0.609,0.408,2022-23,luka_doncic.png
Giannis Antetokounmpo,MIL,28,213.36,110.222856,None,Greece,2013,1,15,63,31.1,11.8,5.7,7.2,0.065,0.268,0.373,0.605,0.314,2022-23,giannis_antetokounmpo.png
Stephen Curry,GSW,35,187.96,83.91452,Davidson,USA,2009,1,7,56,29.4,6.1,6.3,5.8,0.02,0.147,0.297,0.656,0.274,2022-23,stephen_curry.png
Kevin Durant,PHX,34,208.28,108.86208,Texas,USA,2007,1,2,47,29.1,6.7,5,6.8,0.012,0.166,0.305,0.677,0.228,2022-23,kevin_durant.png
LeBron James,LAL,38,205.74,113.398,None,USA,2003,1,1,55,28.9,8.3,6.8,4.6,0.033,0.191,0.322,0.583,0.308,2022-23,lebron_james.png
Kyrie Irving,DAL,31,187.96,88.45044,Duke,Australia,2011,1,1,60,27.1,5.1,5.5,4.7,0.029,0.107,0.286,0.613,0.233,2022-23,kyrie_irving.png
Anthony Davis,LAL,30,208.28,114.758776,Kentucky,USA,2012,1,1,56,25.9,12.5,2.6,4.8,0.102,0.248,0.277,0.627,0.128,2022-23,anthony_davis.png
Nikola Jokic,DEN,28,210.82,128.820128,None,Serbia,2014,2,41,69,24.5,11.8,9.8,12.5,0.08,0.283,0.263,0.701,0.412,2022-23,nikola_jokic.png
Jimmy Butler,MIA,33,200.66,104.32616,Marquette,USA,2011,1,30,64,22.9,5.9,5.3,1.2,0.068,0.121,0.248,0.647,0.264,2022-23,jimmy_butler.png